<?xml version="1.0" encoding="utf-8"?>
<VugenScriptMetadata>
  <ScriptName>OneTxn</ScriptName>
  <Protocol>Web - HTTP/HTML</Protocol>
  <ActionFiles>
    <FileEntry Name="vuser_init.c" Filter="2" />
    <FileEntry Name="Action.c" Filter="2" />
    <FileEntry Name="vuser_end.c" Filter="2" />
  </ActionFiles>
  <GeneralFiles>
    <FileEntry Name="OneTxn.usr" Filter="4" />
    <FileEntry Name="default.cfg" Filter="4" />
    <FileEntry Name="default.usp" Filter="4" />
    <FileEntry Name="globals.h" Filter="2" />
    <FileEntry Name="ScriptUploadMetadata.xml" Filter="2" />
    <FileEntry Name="Bookmarks.xml" Filter="2" />
    <FileEntry Name="Breakpoints.xml" Filter="2" />
    <FileEntry Name="CompilerLogMetadata.xml" Filter="2" />
    <FileEntry Name="ReplaySummaryReport.xml" Filter="2" />
    <FileEntry Name="UserTasks.xml" Filter="2" />
    <FileEntry Name="combined_OneTxn.c" Filter="2" />
    <FileEntry Name="pre_cci.c" Filter="2" />
    <FileEntry Name="custom_body_variables.txt" Filter="1" />
    <FileEntry Name="logfile.log" Filter="1" />
    <FileEntry Name="lrw_custom_body.h" Filter="1" />
    <FileEntry Name="mdrv.log" Filter="1" />
    <FileEntry Name="mdrv7i4.689.log" Filter="1" />
    <FileEntry Name="mdrvbdv.251.log" Filter="1" />
    <FileEntry Name="mdrvelZ.943.log" Filter="1" />
    <FileEntry Name="mdrvfPA.793.log" Filter="1" />
    <FileEntry Name="mdrvGJa.863.log" Filter="1" />
    <FileEntry Name="mdrvigm.435.log" Filter="1" />
    <FileEntry Name="mdrvJ1y.539.log" Filter="1" />
    <FileEntry Name="mdrvqcA.715.log" Filter="1" />
    <FileEntry Name="mdrvren.327.log" Filter="1" />
    <FileEntry Name="mdrvrLX.991.log" Filter="1" />
    <FileEntry Name="mdrvsp3.987.log" Filter="1" />
    <FileEntry Name="mdrvss6.847.log" Filter="1" />
    <FileEntry Name="mdrvThq.301.log" Filter="1" />
    <FileEntry Name="mdrvyPY.357.log" Filter="1" />
    <FileEntry Name="mdrvZGq.257.log" Filter="1" />
    <FileEntry Name="mdrv_cmd.txt" Filter="1" />
    <FileEntry Name="OneTxn.c.pickle" Filter="1" />
    <FileEntry Name="OneTxn.ci" Filter="1" />
    <FileEntry Name="OneTxn.sdf" Filter="1" />
    <FileEntry Name="options.txt" Filter="1" />
    <FileEntry Name="output.txt" Filter="1" />
    <FileEntry Name="shunra.shunra" Filter="1" />
    <FileEntry Name="ThumbnailsCache.tmp" Filter="1" />
    <FileEntry Name="result1\" Filter="1" />
  </GeneralFiles>
</VugenScriptMetadata>