<?xml version="1.0" encoding="utf-8"?>
<VugenScriptMetadata>
  <ScriptName>JavaVuser1</ScriptName>
  <Protocol>Java Vuser</Protocol>
  <ActionFiles>
    <FileEntry Name="vuser_init.java" Filter="2" />
    <FileEntry Name="Actions.java" Filter="2" />
    <FileEntry Name="vuser_end.java" Filter="2" />
  </ActionFiles>
  <GeneralFiles>
    <FileEntry Name="JavaVuser1.usr" Filter="4" />
    <FileEntry Name="default.cfg" Filter="4" />
    <FileEntry Name="default.usp" Filter="4" />
    <FileEntry Name="Action.c" Filter="1" />
    <FileEntry Name="Bookmarks.xml" Filter="1" />
    <FileEntry Name="Breakpoints.xml" Filter="1" />
    <FileEntry Name="ThumbnailsCache.tmp" Filter="1" />
    <FileEntry Name="UserTasks.xml" Filter="1" />
    <FileEntry Name="vuser_end.c" Filter="1" />
    <FileEntry Name="vuser_init.c" Filter="1" />
    <FileEntry Name="ScriptUploadMetadata.xml" Filter="1" />
  </GeneralFiles>
</VugenScriptMetadata>